field_id,area_m2,perimeter_m,shape_index,size_class
1,2343.0353450519233,324.0055975810208,1.8882442078836716,large
2,1532.572200886556,244.47219994065637,1.761627481852831,large
3,3877.0016896971656,327.61068552102853,1.4842434168179386,large
4,1712.713074762874,191.86809176947574,1.3078427153399266,large
5,1531.7054727490665,246.17539207134723,1.7744022283990477,large
6,2621.2563827403064,282.92222568152727,1.5588609695807614,large
7,1988.8497281284435,228.42642649305387,1.4449087749121274,large
8,3255.1192449605783,362.5685204278997,1.7926756147042417,large
9,2078.923855475028,304.54584266371415,1.8842063017248762,large
10,2075.8387081277015,268.03838469170717,1.659568783070911,large
11,2343.9374788358646,332.9074868574201,1.939749365926362,large
12,4238.093849046875,373.17472613980664,1.6170446281263748,large
13,1802.8111997784151,190.091923316297,1.2629425898997577,large
14,2796.1592683619115,262.69059618451774,1.401388797945721,large
15,1533.2431429970152,193.66454092999908,1.3952102659946934,large
16,2524.8782023173603,398.38040336914094,2.236520166331316,large
17,1803.5180874222951,204.7236784524522,1.3598872225824064,large
18,1982.880216295779,277.1253003101999,1.755589621947931,large
19,1805.2982599084307,190.216762767633,1.2629011901118328,large
20,1532.4914817211159,170.20103507057487,1.226473673126555,large
21,1711.8915496432157,209.94754770431373,1.4314222056426966,large
22,1712.8009361110717,240.91923873447627,1.6421510576834388,large
23,1897.0273588598432,233.5488574712299,1.512641522954079,large
24,1625.3829089753679,190.25165915307076,1.331207256916494,large
25,1805.5974252843619,246.42847112632887,1.6359705718160928,large
26,3423.686050535273,305.8600827888089,1.4745887052452722,large
27,1622.9926343124819,190.1171565447038,1.3312453499139942,large
28,1807.0421045169223,241.34040458312458,1.6015517211863453,large
29,2436.353625880548,286.15713207103875,1.6354206619334282,large
30,1894.7234879227776,231.73148419434168,1.5017830273247905,large
31,2259.488355128952,244.84044274607547,1.453025280481909,large
32,2347.8153230407675,228.30253795382043,1.3291495269172529,large
33,1537.0283912336597,192.08779981022144,1.3821459493126087,large
34,3067.2231338417882,280.84449064073505,1.4305014129962688,large
35,1533.16501380892,173.77759932427068,1.2519714091652618,large
36,4697.607565669051,380.58106562630024,1.5664043449461778,large
37,3611.5135145753484,342.43169185161656,1.607401604011984,large
38,3336.757327252867,298.91226782139313,1.4597433185539523,large
39,1534.9689063839055,170.34805891620275,1.2265421180785696,large
40,3153.9422872063724,407.14216366893174,2.045098721531564,large
41,1981.8323536808114,213.5013799599348,1.3528894103546807,large
42,2974.697606214728,297.051931670314,1.5364061498069868,large
43,1531.489755412911,170.14148093019614,1.2264454280901602,large
44,1626.4500485321762,190.31101132147506,1.3311856281852237,large
45,2714.525451129712,304.7000617585767,1.6497595508682954,large
46,1983.0693054206333,244.45424513979603,1.548544554389763,large
47,2080.6083393765957,288.1878210490796,1.7822783185741846,large
48,1897.7687077653916,259.541882054551,1.6806639201978348,large
49,4600.148215962791,423.6235594875384,1.7619324762920683,large
50,1990.2839543354744,206.89796997966255,1.308259137199315,large
51,450.9517658500596,94.18981700453503,1.2512208570294228,medium
52,813.1623457395108,132.34595447447327,1.3092334973180206,medium
53,1083.5903430613046,191.9917322891101,1.6452997516871704,medium
54,1353.1253068209217,195.44525171963772,1.4988258806910737,medium
55,541.9868789190803,94.27322180553935,1.1423232890927302,medium
56,541.3110525785472,133.99624303497382,1.6246665633338757,medium
57,1355.110590307006,192.02463898299865,1.4715148716895612,medium
58,361.2067927280643,76.10140670466403,1.1295612833080264,medium
59,811.7229638076199,114.08618941490485,1.129598810313774,medium
60,901.7691059469084,150.33805017238078,1.4122653539362595,medium
61,811.1672195980414,153.84173786429213,1.5237511601244842,medium
62,451.28160757993277,95.97707319832006,1.2744968111155281,medium
63,901.1795893081994,211.7454221976418,1.9897725006822113,medium
64,542.2166487771331,114.19353502218902,1.3834076123933037,medium
65,451.23621419440053,94.22232363044498,1.2512581082893444,medium
66,542.417370438924,114.21358661720414,1.3833944954298107,medium
67,902.703448270043,132.2829571449797,1.242013773778256,medium
68,813.298564287881,173.87806416778903,1.7199461969343057,medium
69,1171.1438660454887,208.15054367929537,1.7158032792689424,medium
70,903.3379950149463,152.22927503781816,1.4287890344169882,medium
71,360.32149311919835,95.90865806199406,1.4253049656884849,medium
72,633.0637659389024,134.1317062148521,1.5038440039625447,medium
73,812.3033469449473,135.76981681930215,1.3438140538487902,medium
74,360.3595536960404,94.12817147624584,1.3987711619644307,medium
75,1083.463859521238,188.4953588909628,1.6154313798556788,medium
76,360.63945122167524,76.0443747619066,1.1296022394507952,medium
77,721.7139586166248,155.64754429585045,1.6343865833811364,medium
78,361.09006541188995,76.0899669364429,1.1295740155101932,medium
79,722.3238470515514,152.19363200127873,1.5974437436645723,medium
80,540.8024280892812,114.05124135947769,1.3834891838692964,medium
81,1171.662862639696,153.8393840148778,1.2678307120801102,medium
82,722.893480854168,114.18832896630943,1.198062932195687,medium
83,902.0571023485836,148.60623890271947,1.3957739722593663,medium
84,811.0870822626044,132.16040766620193,1.3090694725940906,medium
85,360.2861230580785,76.008995177956,1.1296301930551462,medium
86,901.0571623216035,155.61066419369203,1.4623733125337746,medium
87,450.3910680661842,95.90858033743919,1.27484576588487,medium
88,812.0791179685941,150.39269562545772,1.4887529673433313,medium
89,360.8341832359092,95.96082081335868,1.425066678928589,medium
90,540.7153663405829,94.14604648379904,1.1421227946272157,medium
91,1173.427984753316,152.17223827874034,1.2531477421022428,medium
92,361.8471987460981,76.16610068461992,1.129520670592042,medium
93,904.0115160293044,134.10794487184657,1.258237410778499,medium
94,722.7325238625514,115.90980409011843,1.2162600455782924,medium
95,721.9704034199391,155.66181090954487,1.6342460703502975,medium
96,721.1455488289479,150.299397511445,1.5788499004091998,medium
97,360.5288562398051,95.92968887291259,1.4252074652650022,medium
98,993.0069557089845,134.03066292813008,1.1998393150819553,medium
99,540.9443100807525,95.9406153201664,1.163647093212989,medium
100,541.6106140465115,95.98619669684498,1.1634836063850542,medium
101,180.62581379644251,57.95013315430175,1.216352908070796,small
102,270.78052686843137,76.0850252730767,1.3043241718480323,small
103,271.1160879029905,77.85717891166685,1.3338779296640177,small
104,90.3992564857435,38.07048119160692,1.129538412952203,small
105,271.0270235435545,77.84971836458328,1.3339692419661748,small
106,270.25831850389517,76.01485301842678,1.3043795847573518,small
107,270.38845617134007,76.03216881831356,1.3043627083201086,small
108,90.41954673163329,38.07447341344553,1.129530105602286,small
109,90.10382570015446,38.01111978256443,1.12962453447617,small
110,90.27138727899097,38.0445775110436,1.1295690264494913,small
111,90.16005905161362,38.0221996370266,1.1296013741957718,small
112,180.30335571249822,57.91819674126302,1.2167691637616156,small
113,90.39452442770109,38.06934645574331,1.1295343095239205,small
114,90.15801181224305,38.02199284279193,1.12960805546738,small
115,270.9969388049948,76.11396091251794,1.3042991111796371,small
116,180.2594789913323,56.13630257011713,1.1794779236583888,small
117,270.2013392697844,76.00726501863998,1.3043868890199437,small
118,270.6564573637073,76.06833587259675,1.3043369184546978,small
119,180.5500424624849,57.940861275890455,1.2164134600673073,small
120,90.11531820298586,38.01339274185719,1.1296200451668774,small
121,90.11637185515028,38.01367389487511,1.1296217961147081,small
122,90.38252039304035,38.06703000018291,1.1295405810119556,small
123,180.50158702878443,57.936333473742664,1.2164816518032933,small
124,90.35639296273919,38.06171372117645,1.1295461084094598,small
125,180.4237121183333,56.1706451941889,1.1796622267747974,small
126,90.43352627565753,38.0773221302325,1.129527303244219,small
127,180.64349551747347,56.21229778361028,1.1798186093517067,small
128,270.9555964170555,76.10846082556205,1.304304354899903,small
129,90.30558083660853,38.05167963920681,1.1295659816389614,small
130,90.16315402247432,38.022856161393165,1.12960149083532,small
131,180.30921781095884,56.14540445597832,1.1795064442704066,small
132,180.26840601131184,56.13813505297609,1.1794872202840276,small
133,180.4246685215739,56.170637026554616,1.179658928635914,small
134,180.2000359229608,56.12349748585817,1.1794033548310616,small
135,180.4415883517516,57.92872858428043,1.2165241758815755,small
136,180.18737600078993,56.120645582228484,1.1793848531660511,small
137,180.38972883841603,56.16089938071025,1.1795686436978918,small
138,180.69299771715208,57.957537996372174,1.2162821555541663,small
139,180.32264219578877,56.147815593551705,1.179513189860799,small
140,270.7420019360581,76.07988909264188,1.3043289115167611,small
141,90.40688799543818,38.07188956664608,1.1295325223779717,small
142,180.26747521693807,57.9132450648583,1.216786213601916,small
143,180.46394674048238,56.17617685649509,1.1796468756976057,small
144,90.34504074511474,38.05958132772902,1.1295537858063052,small
145,90.2555788049109,38.04157820393674,1.1295788861980045,small
146,90.38325714610976,38.067195237692516,1.1295408802907696,small
147,180.66110236165628,56.21689135918007,1.1798575247713496,small
148,90.20518645181986,38.031478234041984,1.1295943720208068,small
149,180.5364010051565,56.19178788292537,1.1797378905233797,small
150,270.3429958975097,76.02630191782856,1.304371715548014,small
151,5964.546098146218,596.9312737230996,2.1803725248632033,very_large
152,14153.087626750861,883.302446666417,2.0944929535286296,very_large
153,5051.277310221999,512.5325170667074,2.0343041552088286,very_large
154,5331.813819081174,359.01757149340045,1.3869898563770509,very_large
155,20113.79363142752,1474.3296734802632,2.932531457935706,very_large
156,6234.933816355228,648.7958598726907,2.3178600702072165,very_large
157,12638.514625497164,1092.8366966713754,2.7422201655056226,very_large
158,8575.000275765655,532.6034371101758,1.6224897484878271,very_large
159,12443.322843911816,854.2499728928899,2.1602890142660653,very_large
160,5319.919677697889,550.4625888174533,2.128973906888397,very_large
161,8018.429209611823,476.0054670088762,1.4995548609955227,very_large
162,18586.873611075513,1389.1824208838448,2.8744262749942235,very_large
163,5512.682748591472,525.9901233895166,1.9984402010637283,very_large
164,5592.233016197376,733.6370846594759,2.767475053542845,very_large
165,13981.65253506416,891.0905896064673,2.1258747457031495,very_large
166,7300.565769437709,552.1276222819321,1.8228724614777305,very_large
167,10015.736418468618,509.1111319661989,1.4350473062315412,very_large
168,13975.99907000151,811.3206764484935,1.9359591114891808,very_large
169,7945.433009212873,612.2528045742207,1.9376131178318774,very_large
170,6150.420843679373,768.4616972748786,2.7641708129929863,very_large
171,14787.601755792733,1026.646308174533,2.3815902556216,very_large
172,22341.63625488366,1139.0064467912189,2.1496302344691185,very_large
173,8228.03528200907,802.2766627038792,2.495003473674774,very_large
174,13626.776759115512,720.9890706928988,1.7423170188954369,very_large
175,7306.841315863011,431.207199717182,1.423037135636062,very_large
176,5233.4303467626205,440.0542628335159,1.7159636200401258,very_large
177,82063.00656650204,5199.592261681134,5.120243849714695,very_large
178,5228.482601913961,380.1955311628275,1.4832496079622588,very_large
179,6035.639517376387,544.8509326391413,1.9783864093239822,very_large
180,9921.116614731722,740.676761003662,2.0977006341191764,very_large
181,35787.68508368015,1850.1421972198552,2.7588835704325243,very_large
182,10672.704250710894,900.2122166347251,2.45811803333323,very_large
183,5771.392421090825,380.25958958852675,1.4120007933076664,very_large
184,19428.068634604522,1408.3344400703536,2.850270338435906,very_large
185,13843.75014559862,972.0741405688995,2.33059913964266,very_large
186,24709.387071847832,1725.7846920669456,3.097067665861002,very_large
187,5409.996996665578,544.7388859046977,2.0892236540772786,very_large
188,6322.992562635114,420.3578083984521,1.4912582235656295,very_large
189,12624.706816627773,840.0939602427156,2.1091733718143666,very_large
190,8385.283357345412,751.2017705621492,2.314156892410579,very_large
191,6575.379766285167,343.83217927428007,1.1961376688635623,very_large
192,7753.289031854369,939.5025261356897,3.0098859040493577,very_large
193,8656.016649169753,659.2211452421918,1.9987899440234753,very_large
194,12016.361247444098,833.860831637425,2.1458638051935743,very_large
195,11639.385980482355,940.3721230701949,2.458837222724758,very_large
196,7752.030206161399,593.7267450157337,1.902277856125351,very_large
197,6587.962133196424,632.0339956296884,2.1966454210588435,very_large
198,9859.02504286474,624.045726625554,1.7729418707005795,very_large
199,5598.69446115622,441.9380889864537,1.6661462413467345,very_large
200,56407.83099823337,2660.516785405686,3.1600312032041837,very_large
