field_id,NDVI_total,NDVI_core,NDVI_edge,area_m2,shape_inde,core_area,total_area,edge_ratio,size_class,edge_effect,abs_edge_effect
6,0.1359272072956616,0.1160011642578858,0.1910301852987545,2621.2563827403064,1.558860969580761,1910.229617216864,2603.216924486009,0.2662042109325836,large,0.07502902104086871,0.07502902104086871
7,0.1407947621065277,0.1404332715519558,0.1416937317538939,1988.8497281284435,1.444908774912127,1444.535682558016,1982.9215667924448,0.2715114370889198,large,0.0012604602019380962,0.0012604602019380962
8,0.0627779889723789,0.0560719859134823,0.0810771264765006,3255.1192449605783,1.792675614704242,2377.128139691429,3243.476382174308,0.2671048407332969,large,0.0250051405630183,0.0250051405630183
9,0.2265357358621902,0.2268355139349201,0.2259751884504597,2078.923855475028,1.884206301724876,1362.993477882646,2090.154990642028,0.3478983692668751,large,-0.0008603254844604113,0.0008603254844604113
19,-0.1062779272499879,-0.1067899455760096,-0.1047289310563668,1805.2982599084307,1.262901190111833,1341.2748537321645,1783.782981220574,0.2480728497508247,large,0.002061014519642801,0.002061014519642801
23,0.4282895095142753,0.4280535714446098,0.4287902250589662,1897.0273588598432,1.512641522954079,1328.6077756730256,1883.5679950773592,0.2946324320941443,large,0.0007366536143563751,0.0007366536143563751
24,0.3525257396201292,0.3539911883449527,0.3486271361652214,1625.382908975368,1.331207256916494,1180.5008964869423,1624.0000507305808,0.2730906036881734,large,-0.0053640521797312934,0.0053640521797312934
25,0.2318484673578663,0.2274269357109549,0.241285328359404,1805.5974252843616,1.635970571816093,1247.5708173068067,1828.9831008665635,0.3178882753396062,large,0.013858392648449097,0.013858392648449097
30,0.3403386429381491,0.3455132884536769,0.3277640739626029,1894.7234879227776,1.501783027324791,1335.7257467573538,1885.876156312523,0.291721387808882,large,-0.017749214491074028,0.017749214491074028
31,0.166724883327297,0.1609660015248458,0.1834567218084176,2259.488355128952,1.453025280481909,1672.8301349604767,2250.269825359489,0.2566090892263394,large,0.022490720283571797,0.022490720283571797
33,0.4143476777858894,0.4143788430068222,0.4142910387665388,1537.0283912336597,1.382145949312609,1086.7268073671094,1536.6144671370091,0.2927784876372549,large,-8.780424028342892e-05,8.780424028342892e-05
34,0.4549437192786498,0.457039026299616,0.4473544013253444,3067.223133841788,1.430501412996269,2431.1515179428197,3102.640342145583,0.2164249639513182,large,-0.009684624974271638,0.009684624974271638
37,0.0186871743627035,0.0068431474837427,0.0594348416266255,3611.513514575349,1.607401604011984,2798.1795589328326,3618.12543763532,0.2266217390291408,large,0.0525916941428828,0.0525916941428828
39,0.1311205635708696,0.1395423394479737,0.1072496219050947,1534.9689063839055,1.22654211807857,1119.5620455998344,1516.6535683492843,0.2618208475793465,large,-0.032292717542879004,0.032292717542879004
44,-0.0998858293593253,-0.1004451223535699,-0.0984173171786198,1626.4500485321762,1.331185628185224,1198.6853914171256,1647.5501711903198,0.2724437699210695,large,0.0020278051749500897,0.0020278051749500897
45,-0.0346584396075539,-0.0392277181813783,-0.0221919245671531,2714.525451129712,1.649759550868295,1994.8346760086783,2722.657602962213,0.267320770030603,large,0.017035793614225202,0.017035793614225202
47,-0.0571481536186816,-0.0601188470253846,-0.0510327121360144,2080.608339376596,1.782278318574185,1400.788441224588,2087.61060099419,0.3289991722797892,large,0.009086134889370198,0.009086134889370198
48,0.2389523846543985,0.2409506957230079,0.2348362999250514,1897.768707765392,1.680663920197835,1277.8712894510008,1897.671967493338,0.3266110732831453,large,-0.006114395797956501,0.006114395797956501
49,-0.1090310873367278,-0.109747150189192,-0.1065244449621037,4600.148215962791,1.761932476292068,3617.248623511483,4644.124733186158,0.2211129477933238,large,0.003222705227088299,0.003222705227088299
50,0.003875622093007,-0.001853817542909,0.0216434811049119,1990.2839543354744,1.308259137199315,1521.583790049672,2011.285525179172,0.2434769847438124,large,0.0234972986478209,0.0234972986478209
52,0.5188074049537438,0.5210579391659256,0.5149724792680361,813.1623457395108,1.309233497318021,520.0813067896851,826.0015498033981,0.3703627954288064,medium,-0.006085459897889445,0.006085459897889445
54,0.3895682398981966,0.3874593794369822,0.3936530242010467,1353.1253068209217,1.498825880691074,883.3843456042739,1346.3248687906976,0.3438549891767567,medium,0.0061936447640644765,0.0061936447640644765
55,0.0944486078098073,0.0802145173479491,0.1166559997630321,541.9868789190803,1.14232328909273,326.2721682163974,535.5655460704261,0.3907894736501719,medium,0.03644148241508301,0.03644148241508301
64,0.3384744774314175,0.3380123282188813,0.3389890062627871,542.2166487771331,1.383407612393304,289.61422117378527,549.1456921950421,0.4726095000105693,medium,0.000976678043905832,0.000976678043905832
65,0.4285200611640342,0.4278118232915258,0.4293781987914484,451.2362141944005,1.251258108289344,238.14919992147264,445.9816415136542,0.4660112037051609,medium,0.001566375499922612,0.001566375499922612
66,0.1955030387749313,0.1706369525622486,0.2240378561521136,542.417370438924,1.383394495429811,292.44968663432275,549.622889271853,0.4679084653447318,medium,0.05340090358986502,0.05340090358986502
68,0.4645135712812252,0.4650413881830809,0.4639148059792405,813.298564287881,1.719946196934306,426.85406180652296,835.2575992159453,0.4889551891449895,medium,-0.001126582203840376,0.001126582203840376
70,0.4437602700782699,0.4448451421614447,0.4420001374182051,903.3379950149464,1.428789034416988,544.4668101466809,892.496073615312,0.3899504700999282,medium,-0.002845004743239621,0.002845004743239621
72,0.1483932291383797,0.1468127309483943,0.1500669126738013,633.0637659389024,1.503844003962545,321.5139025042867,629.8866560845194,0.4895686400107746,medium,0.0032541817254069794,0.0032541817254069794
75,0.4005687073954456,0.4025050210008203,0.3977060248663044,1083.463859521238,1.615431379855679,668.3693463513082,1111.0703536758226,0.3984455222478931,medium,-0.004798996134515898,0.004798996134515898
78,0.3815374232600162,0.377560112550446,0.3862361897637834,361.09006541189,1.129574015510193,192.48057215056653,356.6444072465136,0.4603011620548883,medium,0.008676077213337352,0.008676077213337352
82,0.0160729393851232,0.0107648391676036,0.0257639929920717,722.893480854168,1.198062932195687,478.95763924786746,741.2666438875456,0.3538659223407223,medium,0.0149991538244681,0.0149991538244681
89,0.3027727878329777,0.2994242960043501,0.3051776892552941,360.8341832359092,1.425066678928589,151.89713480377688,365.3139554854304,0.5842011165384157,medium,0.005753393250943983,0.005753393250943983
92,-0.0078526831099951,-0.0049665146583939,-0.0112022550095169,361.8471987460981,1.129520670592042,193.1255624295525,357.5069883183548,0.4597991962675229,medium,-0.0062357403511230005,0.0062357403511230005
93,0.4667347388528505,0.4665536871344871,0.4670855674875497,904.0115160293044,1.258237410778499,598.5887664473632,906.7111801386612,0.3398242135320064,medium,0.0005318803530626193,0.0005318803530626193
94,0.2701826173806626,0.2621120952285633,0.2840841596298462,722.7325238625514,1.216260045578292,450.58087936758767,714.0634100004428,0.3689903822864859,medium,0.021972064401282854,0.021972064401282854
100,0.2098114435021814,0.2069592075422406,0.2140859236928406,541.6106140465115,1.163483606385054,327.899757594073,544.2203966817185,0.3974871952734957,medium,0.00712671615060001,0.00712671615060001
101,0.3984552435135181,0.3979970117410024,0.3986667973832005,180.6258137964425,1.216352908070796,59.28244390789646,178.51738043254664,0.6679178029374203,small,0.0006697856421981063,0.0006697856421981063
102,0.4378339047476038,0.4374797610441844,0.4380475510107843,270.78052686843137,1.304324171848032,104.83036549391451,267.6578812319458,0.608341943785055,small,0.0005677899665998964,0.0005677899665998964
103,-0.0917080250547772,-0.0910159438848495,-0.092115000094238,271.1160879029905,1.333877929664018,99.08400890749412,267.9439834607004,0.6302062556966246,small,-0.0010990562093884937,0.0010990562093884937
104,0.2119749353991614,0.2106481492519378,0.212354017155511,90.3992564857435,1.129538412952203,19.65329100693375,89.2813382001596,0.779872351791221,small,0.0017058679035731883,0.0017058679035731883
108,-0.1434479685886851,-0.1443726569414138,-0.1431595756865964,90.41954673163328,1.129530105602286,21.899047463023177,93.81087864006724,0.7665617486960628,small,0.0012130812548173942,0.0012130812548173942
115,0.3998602144800278,0.3971946685096066,0.4016889931050492,270.9969388049948,1.304299111179637,111.54581485658656,276.66984589331366,0.5968269888739534,small,0.004494324595442578,0.004494324595442578
118,0.4658814871138192,0.4661143006914754,0.4657055927174431,270.6564573637073,1.304336918454698,106.70183564325444,271.9446526007796,0.6076339997025242,small,-0.0004087079740323074,0.0004087079740323074
122,0.0310150186590377,0.0381010472774505,0.0289437179859632,90.38252039304037,1.129540581011956,19.665693324992866,89.30551944808033,0.7797930805785644,small,-0.009157329291487298,0.009157329291487298
124,0.1037000189774592,0.0991066694259643,0.105035840020496,90.3563929627392,1.12954610840946,19.65047382596855,89.27356303166528,0.7798847367725366,small,0.005929170594531699,0.005929170594531699
126,0.4399689690397662,0.449210911989212,0.4373418177444922,90.43352627565751,1.129527303244219,19.706686006120343,89.39020426311353,0.7795431147230052,small,-0.011869094244719769,0.011869094244719769
127,0.2905821094713589,0.2723483344192033,0.3008511713387803,180.64349551747347,1.179818609351707,63.83942562628623,178.46779898282827,0.6422916291334511,small,0.028502836919577,0.028502836919577
128,0.3386779076427142,0.3258030750480384,0.3470647811629933,270.9555964170555,1.304304354899903,104.74777892924646,267.58963939338423,0.6085506928941428,small,0.02126170611495487,0.02126170611495487
129,0.1903128489792584,0.1923019587993621,0.1897416174411774,90.30558083660851,1.129565981638961,19.62793734825009,89.22675455907546,0.7800218393547557,small,-0.002560341358184698,0.002560341358184698
138,0.3411109046973729,0.3338518540064494,0.3447144380992367,180.69299771715208,1.216282155554166,61.28554124286084,182.99112974460144,0.6650900984741919,small,0.010862584092787286,0.010862584092787286
140,-0.0748812407932498,-0.0748512121280292,-0.0748998559607342,270.7420019360581,1.304328911516761,113.68915967164564,281.2428822207066,0.5957616463963431,small,-4.8643832705003165e-05,4.8643832705003165e-05
141,0.1553203356693465,0.1548395156860351,0.1554552596442553,90.40688799543818,1.129532522377972,19.671720371684188,89.31843374037862,0.779757441460921,small,0.0006157439582201996,0.0006157439582201996
143,0.3713615740289782,0.3701825472860705,0.3720350960581939,180.4639467404824,1.179646875697606,63.81569124235058,178.36736614981476,0.6422232798529393,small,0.0018525487721234302,0.0018525487721234302
144,0.3263824384546641,0.2926038801670074,0.3369697477687057,90.34504074511474,1.129553785806305,21.85742514781183,93.72795160953152,0.7667992869526333,small,0.044365867601698306,0.044365867601698306
145,0.409241372909186,0.4191466569900512,0.4061521011413913,90.2555788049109,1.129578886198005,21.833352802353183,93.68001836918329,0.7669369286808827,small,-0.012994555848659939,0.012994555848659939
146,0.1850038691172524,0.183895543217659,0.1853205336599933,90.38325714610976,1.12954088029077,19.669290327465987,89.31286214550548,0.7797709103150066,small,0.0014249904423342952,0.0014249904423342952
147,0.4062131805585162,0.4113594403306206,0.403202111676613,180.66110236165628,1.17985752477135,70.40351517107008,187.5713661595213,0.624657448455139,small,-0.00815732865400759,0.00815732865400759
148,0.3376608571362873,0.3561430871486664,0.3323802199898933,90.20518645181986,1.129594372020807,19.56295355765474,89.09638880326109,0.7804293325417169,small,-0.02376286715877307,0.02376286715877307
149,0.2116276845483496,0.2151633342216303,0.2096354608934361,180.5364010051565,1.17973789052338,63.82550805336672,178.41930058801756,0.6422724007827818,small,-0.0055278733281942105,0.0055278733281942105
151,0.2879711970289594,0.2840453737060959,0.3001059794320859,5964.546098146218,2.180372524863203,4492.151662221513,5942.521014017888,0.2440663395846779,very_large,0.016060605725989996,0.016060605725989996
154,0.2149602925187742,0.2085592041132654,0.2480736709700144,5331.813819081174,1.386989856377051,4459.752404755054,5322.278846029459,0.1620596113482233,very_large,0.039514466856749,0.039514466856749
156,-0.105675079674965,-0.1055790342637514,-0.1059446152749029,6234.933816355228,2.317860070207217,4690.377544293284,6274.10031859954,0.2524222906687222,very_large,-0.0003655810111515001,0.0003655810111515001
157,-0.0238103886650695,-0.0266565408112035,-0.0130961684483824,12638.514625497164,2.742220165505623,10008.50439942157,12673.429436517978,0.2102765514610853,very_large,0.013560372362821099,0.013560372362821099
158,0.3506987862825237,0.3456806659351444,0.3789554587606211,8575.000275765655,1.622489748487827,7307.81613271481,8602.93159157657,0.1505435031158276,very_large,0.033274792825476684,0.033274792825476684
163,0.3308760548319409,0.3249410850893502,0.3505770735844417,5512.682748591472,1.998440201063728,4229.833701913586,5504.993391913478,0.2316369156542547,very_large,0.025635988495091466,0.025635988495091466
170,-0.0861232456787766,-0.0849880124134516,-0.0888531383418746,6150.420843679373,2.764170812992986,4251.698572150133,6139.980503077162,0.3075387503235038,very_large,-0.003865125928423002,0.003865125928423002
172,0.3613416448991136,0.3564491064862297,0.395191955634996,22341.63625488366,2.149630234469118,19615.661300589927,22431.320104127048,0.1255235443329561,very_large,0.0387428491487663,0.0387428491487663
173,0.0375191249204054,0.0341899655109416,0.0482331566247229,8228.03528200907,2.495003473674774,6313.67835112785,8287.600166842889,0.238177732513246,very_large,0.0140431911137813,0.0140431911137813
177,0.1940857434789285,0.1915430636322802,0.2076748664529423,82063.00656650204,5.120243849714695,69365.9986112137,82311.17183534279,0.1572711569460452,very_large,0.016131802820662094,0.016131802820662094
182,-0.1644456717539021,-0.1671030866848521,-0.1541886814941862,10672.704250710894,2.45811803333323,8494.559972562198,10694.197632695588,0.2056851514889152,very_large,0.01291440519066589,0.01291440519066589
184,0.0532038910784508,0.0523488924656701,0.0569735497209202,19428.06863460452,2.850270338435906,15920.954488186146,19453.753667064822,0.1815998721552489,very_large,0.004624657255250096,0.004624657255250096
185,0.0104617542000147,0.001551982900231,0.0530605930343015,13843.75014559862,2.33059913964266,11487.633232675596,13889.317540569486,0.172915933477565,very_large,0.0515086101340705,0.0515086101340705
188,0.3219991117461614,0.3307270236592615,0.2765308076089155,6322.992562635114,1.49125822356563,5332.896965715805,6354.900971111101,0.1608213896709404,very_large,-0.05419621605034597,0.05419621605034597
198,0.0222450315188791,0.0140837605040393,0.0662448811927416,9859.02504286474,1.77294187070058,8357.553714379075,9894.646019568036,0.1553458609988824,very_large,0.05216112068870231,0.05216112068870231
199,0.3993341194064563,0.400085761418176,0.3961188603594132,5598.69446115622,1.666146241346735,4560.545824071304,5631.41809564926,0.1901603207911865,very_large,-0.003966901058762795,0.003966901058762795
200,0.201371368302394,0.193323706163008,0.2614440993831765,56407.83099823337,3.160031203204184,49962.42986107393,56647.273068152455,0.1180082084275438,very_large,0.06812039322016847,0.06812039322016847
10,0.2159866005284154,0.2159643031804278,0.216040547935084,2075.838708127701,1.659568783070911,1435.2808600626977,2073.5825461733143,0.3078255492112279,large,7.624475465620173e-05,7.624475465620173e-05
14,-0.0249535460510467,-0.0280626882425107,-0.0142743061394927,2796.1592683619115,1.401388797945721,2173.549729140961,2799.1493410250423,0.2234963325161448,large,0.013788382103018002,0.013788382103018002
15,0.0895778839481822,0.088820568388263,0.0912740114933806,1533.2431429970152,1.395210265994693,1068.888211081594,1524.399970272159,0.2988138074479496,large,0.0024534431051176087,0.0024534431051176087
28,0.4028685231181206,0.40131209724241,0.4062334857581941,1807.0421045169223,1.601551721186345,1224.6191458968674,1799.3041971929324,0.3193929365543762,large,0.004921388515784109,0.004921388515784109
29,0.2669035380409563,0.2678498133886466,0.2644704595512273,2436.353625880548,1.635420661933428,1744.873579107294,2425.9108810223465,0.2807346746505561,large,-0.00337935383741933,0.00337935383741933
32,0.0278344859412722,0.0285931667712785,0.0252691967484215,2347.8153230407675,1.329149526917253,1809.6842284986467,2351.713581065521,0.230482724142491,large,-0.003323970022857,0.003323970022857
36,0.1129046095266976,0.1108582467320319,0.1213209549541817,4697.607565669051,1.566404344946178,3779.8608200069634,4696.552471140743,0.1951839475373997,large,0.0104627082221498,0.0104627082221498
51,0.3364805688522179,0.3438375567004533,0.3277929267196944,450.9517658500596,1.251220857029423,244.48439232637116,454.4255577170169,0.4619924249977635,medium,-0.016044629980758895,0.016044629980758895
53,0.5109081274735113,0.5115000633811848,0.510040375223092,1083.5903430613046,1.64529975168717,653.2349500863161,1106.5479415134118,0.4096641224664024,medium,-0.0014596881580928311,0.0014596881580928311
56,0.3196765949597229,0.3196786137482592,0.3196771457808676,541.3110525785472,1.624666563333876,230.68499252731252,534.9220955959692,0.5687503013493936,medium,-1.4679673915884983e-06,1.4679673915884983e-06
57,-0.0011616702580931,-0.0017715789900796,9.629104750258924e-05,1355.110590307006,1.471514871689561,901.5591507923772,1352.7171336758668,0.3335198258763198,medium,0.001867870037582189,0.001867870037582189
58,0.4302889631227158,0.428651409785534,0.4322493369851647,361.2067927280643,1.129561283308026,192.69492448807512,356.9286544271666,0.4601304151460452,medium,0.0035979271996307016,0.0035979271996307016
62,0.4703588518203716,0.4713504400989111,0.4692743370517121,451.2816075799328,1.274496811115528,233.5980578292396,445.9967695729641,0.4762337448028905,medium,-0.0020761030471989628,0.0020761030471989628
67,0.4794966642171691,0.4804305231410482,0.4776732505060907,902.703448270043,1.242013773778256,600.7823820247307,905.516336832906,0.3365305985245935,medium,-0.0027572726349575083,0.0027572726349575083
73,0.487783116175546,0.4922164732681571,0.4807331319898369,812.3033469449473,1.34381405384879,497.4682352113497,811.5890902224007,0.3870442059847947,medium,-0.01148334127832018,0.01148334127832018
77,0.3735187115578681,0.3739943338732121,0.3730290553567443,721.7139586166248,1.634386583381136,359.73002563107127,722.0345733499697,0.5017828246616242,medium,-0.0009652785164678268,0.0009652785164678268
79,0.3314188842751033,0.3314897543898889,0.3313521141008058,722.3238470515514,1.597443743664572,367.91219213754977,718.3597230903089,0.4878440698834982,medium,-0.00013764028908314074,0.00013764028908314074
83,0.2811553835421034,0.2841273109500225,0.276376578474292,902.0571023485836,1.395773972259366,548.7361785302704,891.3862324130431,0.384401330672559,medium,-0.0077507324757305485,0.0077507324757305485
88,0.471099929691671,0.470885258876473,0.4714039878181982,812.0791179685941,1.488752967343331,458.02766792560953,802.6100601153358,0.429327277732115,medium,0.0005187289417252217,0.0005187289417252217
91,0.2205064114870899,0.2190822162314628,0.2235902052123349,1173.427984753316,1.253147742102243,818.5243488416687,1172.7936584953363,0.302073009252272,medium,0.004507988980872124,0.004507988980872124
95,0.395892084572967,0.3960737076229201,0.3957162888969962,721.9704034199391,1.634246070350297,353.64435316774274,713.5129098152811,0.5043616614318913,medium,-0.0003574187259238748,0.0003574187259238748
98,0.4830589957151431,0.4845261742000931,0.4797787771927654,993.0069557089844,1.199839315081955,701.2160637951404,1013.0843608674124,0.3078404021608304,medium,-0.0047473970073276806,0.0047473970073276806
105,0.3566163735226795,0.3534237504005431,0.35843185768716,271.0270235435545,1.333969241966175,101.07788715666972,272.4536774167102,0.6290089085416383,small,0.005008107286616936,0.005008107286616936
110,0.2851811138537561,0.2881057262420654,0.2843305888224621,90.27138727899096,1.129569026449491,19.62117781773892,89.21085582413194,0.7800584061605729,small,-0.0037751374196032805,0.0037751374196032805
113,-0.1641386679320965,-0.1680422574281692,-0.1629212118021332,90.39452442770109,1.129534309523921,21.86893999797368,93.74710748978764,0.766724109324056,small,0.0051210456260359916,0.0051210456260359916
119,0.5119871392491318,0.5118006070454916,0.5120880156310637,180.5500424624849,1.216413460067307,59.26591047911843,178.49775917864048,0.6679739244244229,small,0.0002874085855720798,0.0002874085855720798
123,-0.1121691491934332,-0.1118959362308184,-0.1122986129041583,180.50158702878443,1.216481651803293,61.16004447320593,182.82777471513845,0.6654772800877843,small,-0.0004026766733399023,0.0004026766733399023
125,0.4806023186870983,0.4874248409664238,0.4767250612703067,180.4237121183333,1.179662226774797,63.823968507728864,178.40623718759895,0.6422548364123826,small,-0.010699779696117073,0.010699779696117073
133,-0.0779420746877641,-0.0710360325708244,-0.0817984663549776,180.4246685215739,1.179658928635914,63.7889724772407,178.33293420638944,0.6423040266728521,small,-0.010762433784153203,0.010762433784153203
135,0.4418416834867048,0.4432559510072072,0.4411224474509557,180.4415883517516,1.216524175881575,61.19338374683755,182.88990042751243,0.6654086223252592,small,-0.002133503556251526,0.002133503556251526
162,-0.1579467587386786,-0.159626599261064,-0.1504964412439635,18586.873611075516,2.874426274994224,15199.64145688393,18660.800189301288,0.1854775088584748,very_large,0.009130158017100515,0.009130158017100515
165,-0.1560517455526027,-0.1634216582693149,-0.1163992099544758,13981.65253506416,2.125874745703149,11843.44525851662,14045.523347443908,0.1567814907607579,very_large,0.04702244831483911,0.04702244831483911
167,-0.12102394664693,-0.1228613902831911,-0.1079182308978466,10015.736418468618,1.435047306231541,8805.26591296339,10037.54203399317,0.122766720862194,very_large,0.01494315938534449,0.01494315938534449
169,-0.0550760868326359,-0.0513066778892309,-0.0715158920018529,7945.433009212873,1.937613117831877,6463.452649973689,7946.630323785514,0.1866423393790498,very_large,-0.020209214112622005,0.020209214112622005
174,-0.0932359356908544,-0.0953744962922316,-0.0786584556790014,13626.776759115512,1.742317018895437,11925.935362007776,13680.900439761146,0.1282784773912155,very_large,0.016716040613230204,0.016716040613230204
175,-0.0090688628243099,-0.0203862981219492,0.05878817181693,7306.841315863011,1.423037135636062,6274.164316496534,7319.128544112407,0.1427716730643369,very_large,0.07917446993887921,0.07917446993887921
176,-0.0110072368077591,-0.0146365999381358,0.0032005555784473,5233.4303467626205,1.715963620040126,4154.501578487788,5243.308750080465,0.2076565053652368,very_large,0.0178371555165831,0.0178371555165831
180,-0.0820312281398666,-0.0833898800142056,-0.076168569964741,9921.116614731722,2.097700634119176,8040.822044267793,9907.432816251852,0.1884050900574493,very_large,0.007221310049464594,0.007221310049464594
194,0.0675091648706522,0.0655842291358599,0.0767448555971637,12016.361247444098,2.145863805193574,10010.418962620352,12068.49430895039,0.1705329010930304,very_large,0.011160626461303794,0.011160626461303794
195,0.1343978338954955,0.1307380904576507,0.1493205088300235,11639.385980482357,2.458837222724758,9363.33958285398,11664.432214689685,0.1972742941519094,very_large,0.018582418372372816,0.018582418372372816
197,0.2543755594276587,0.2611252795374629,0.2319212706394702,6587.962133196424,2.196645421058844,5080.916597426872,6613.098190439327,0.2316889223310727,very_large,-0.029204008897992684,0.029204008897992684
1,0.2399072038568808,0.2347767979508698,0.2504872390444441,2343.0353450519237,1.888244207883672,1582.3680749010875,2351.4553642985,0.3270686320796273,large,0.01571044109357428,0.01571044109357428
2,0.1214375873716094,0.1162813289184674,0.1300443018570982,1532.572200886556,1.761627481852831,970.256850482444,1550.3453666947248,0.374167284705734,large,0.013762972938630796,0.013762972938630796
5,0.0302814635736454,0.0280350882861404,0.0340948967753996,1531.7054727490663,1.774402228399048,973.0632052804556,1553.7830166017193,0.3737457580089636,large,0.006059808489259199,0.006059808489259199
12,0.2269036844923054,0.2331518931392229,0.2037193228729839,4238.093849046875,1.617044628126375,3335.352586023509,4233.327845986758,0.2121204151042871,large,-0.029432570266239022,0.029432570266239022
18,0.1551112856420131,0.1612642678110354,0.1428915527604496,1982.880216295779,1.755589621947931,1333.7840271230957,1999.5965069736053,0.3329734161509509,large,-0.018372715050585797,0.018372715050585797
20,0.0749354661326781,0.0782753349528672,0.0652201347177392,1532.491481721116,1.226473673126555,1128.5693050036784,1527.534766049224,0.2611825733285399,large,-0.013055200235128003,0.013055200235128003
21,0.4166532477954084,0.4160320463158842,0.4182208246845381,1711.8915496432155,1.431422205642697,1198.5866915743445,1691.6653523988584,0.2914752968873578,large,0.0021887783686538875,0.0021887783686538875
22,0.1144779570093935,0.1115238298868999,0.1203003682186896,1712.8009361110717,1.642151057683439,1131.4699777819185,1701.3762472146914,0.3349678064248057,large,0.008776538331789693,0.008776538331789693
35,0.2788539373603548,0.2820638797123507,0.2703955284540946,1533.16501380892,1.251971409165262,1135.2793443247974,1546.1855619973123,0.2657547889282574,large,-0.011668351258256104,0.011668351258256104
38,0.1198301914836384,0.1193447547892337,0.121647585509508,3336.757327252867,1.459743318553952,2645.64224751794,3359.6611262972588,0.2125270531573674,large,0.0023028307202742904,0.0023028307202742904
42,0.376724460201792,0.3842350034319225,0.352560685821746,2974.697606214728,1.536406149806987,2301.5045938936737,3015.595935157015,0.2367994110013814,large,-0.03167431761017653,0.03167431761017653
43,0.2046690435758244,0.2049157319882119,0.2040331652678237,1531.489755412911,1.22644542809016,1134.7297461243718,1530.7811721011312,0.2587250439154175,large,-0.0008825667203881948,0.0008825667203881948
46,-0.0947707200498814,-0.1050966210226378,-0.0696741719990009,1983.069305420633,1.548544554389763,1415.0537841161934,1995.356377695061,0.2908265410959846,large,0.03542244902363689,0.03542244902363689
59,-0.1045026742146661,-0.1108056622692456,-0.0912789330624369,811.7229638076199,1.129598810313774,554.0783972156091,815.220592214389,0.3203331680931141,medium,0.0195267292068087,0.0195267292068087
61,0.5135493074381472,0.5157050196058262,0.5108254308211438,811.1672195980414,1.523751160124484,456.7273820719296,815.1587340075547,0.4397074299547445,medium,-0.004879588784682309,0.004879588784682309
63,0.4411649518991556,0.4433245475296349,0.4394228342999802,901.1795893081994,1.989772500682211,414.8380314929657,917.3688019046624,0.547795793107778,medium,-0.003901713229654713,0.003901713229654713
80,0.4505725562493896,0.4512533260949292,0.4498024179948776,540.8024280892812,1.383489183869296,281.8299514579265,538.771370383291,0.4769025101362978,medium,-0.0014509081000516066,0.0014509081000516066
84,0.5394698229860098,0.5397343020298803,0.5390281664579226,811.0870822626044,1.309069472594091,502.0521397946137,801.4153465636716,0.3735431422079385,medium,-0.0007061355719576445,0.0007061355719576445
86,0.4594171189856303,0.4591676495464674,0.4598098727544462,901.0571623216036,1.462373312533775,535.7300655716285,899.3300043526175,0.4043009095896075,medium,0.0006422232079787982,0.0006422232079787982
87,0.4740441599868555,0.4739329799048362,0.4741467375140701,450.3910680661842,1.27484576588487,232.84716465290643,445.0882382300472,0.4768516787168892,medium,0.00021375760923392217,0.00021375760923392217
96,0.2286926802236013,0.2162103353051065,0.2425690575151658,721.1455488289479,1.5788499004092,380.648943770588,725.8556695573143,0.4755859053870329,medium,0.026358722210059304,0.026358722210059304
99,0.0802127236332167,0.0773897069310279,0.0844172515668148,540.9443100807525,1.163647093212989,327.2954015776668,543.4968805811183,0.3977970927308438,medium,0.007027544635786906,0.007027544635786906
109,0.2114537260921828,0.236683651804924,0.2042082089644211,90.10382570015446,1.12962453447617,19.505936914199744,88.98200938764491,0.7807878575856466,small,-0.03247544284050291,0.03247544284050291
112,0.2445775414172839,0.2472494241898645,0.2433098233663118,180.30335571249825,1.216769163761616,58.97059731934785,178.0703517383473,0.6688353971131704,small,-0.003939600823552714,0.003939600823552714
114,-0.0232540164383069,-0.0033557047136127,-0.028939248359648,90.15801181224305,1.12960805546738,19.526380820954166,89.0206601241126,0.7806533809822294,small,-0.0255835436460353,0.0255835436460353
120,0.1258820532747204,0.1245235577225685,0.1262701948610495,90.11531820298586,1.129620045166877,19.5034908026468,88.9774578124695,0.7808041353153434,small,0.0017466371384810137,0.0017466371384810137
121,0.4532815739512443,0.44896000623703,0.454516307583877,90.11637185515028,1.129621796114708,19.55940580869633,89.090522268579,0.7804546958459726,small,0.005556301346847037,0.005556301346847037
131,0.288309005114872,0.3018273711204529,0.2807153550746999,180.30921781095884,1.179506444270407,63.67577619462036,178.1539987050417,0.6425801460676484,small,-0.021112016045752968,0.021112016045752968
134,0.2719034838228829,0.267334371805191,0.2744921757709869,180.2000359229608,1.179403354831062,70.14735724773055,187.0775035717869,0.62503584926868,small,0.007157803965795906,0.007157803965795906
136,0.2224078955207492,0.2238466473002182,0.2214041849269586,180.18737600078995,1.179384853166051,70.05779705207684,186.94135957174808,0.6252418554536688,small,-0.0024424623732595963,0.0024424623732595963
137,-0.0738788381145141,-0.0829698324038837,-0.0687148343910526,180.38972883841603,1.179568643697892,70.10338143443596,187.06665845691705,0.6252491918511426,small,0.014254998012831102,0.014254998012831102
139,0.0804476754728859,0.0771414768564832,0.0823033417540567,180.3226421957888,1.179513189860799,63.6697758790061,178.13871209385383,0.6425831581994308,small,0.00516186489757349,0.00516186489757349
150,0.4252552233016317,0.4248825053241958,0.4255128981389663,270.3429958975097,1.304371715548014,104.43065663668646,267.07761253291073,0.6089876060884064,small,0.0006303928147705085,0.0006303928147705085
153,-0.0434209425366683,-0.0449516059372908,-0.038625366743238,5051.277310221999,2.034304155208829,3846.58075798808,5080.591521609881,0.2428872225552943,very_large,0.006326239194052799,0.006326239194052799
155,0.1096743429826488,0.1013291935645073,0.1476224042470519,20113.79363142752,2.932531457935706,16554.7021156279,20182.19105552624,0.1797371221944244,very_large,0.04629321068254459,0.04629321068254459
159,-0.0563520224652496,-0.0570904227961885,-0.0527004282814359,12443.322843911816,2.160289014266065,10426.742726267,12531.840191683144,0.1679799162147957,very_large,0.004389994514752596,0.004389994514752596
160,-0.1078582445039367,-0.1100399770919922,-0.1015022303828881,5319.919677697889,2.128973906888397,3942.070255530789,5306.304685788675,0.2570968896512056,very_large,0.008537746709104108,0.008537746709104108
164,0.3178447870629418,0.3221842878079214,0.3085251663080018,5592.233016197376,2.767475053542845,3814.305921108648,5592.065297719571,0.3179074781791065,very_large,-0.013659121499919602,0.013659121499919602
166,0.293928817618982,0.2959633132563246,0.2846149233882276,7300.565769437709,1.822872461477731,5986.821014552468,7320.99331083839,0.1822392453645248,very_large,-0.011348389868096997,0.011348389868096997
168,-0.1207266091827937,-0.1246726281600786,-0.0966790715059067,13975.99907000151,1.935959111489181,12048.388607383316,14021.513665900608,0.1407212591687444,very_large,0.0279935566541719,0.0279935566541719
178,0.1334715291961236,0.1313070937559799,0.1436730421904579,5228.482601913961,1.483249607962259,4300.136246058284,5215.412675254839,0.17549453632676,very_large,0.012365948434477997,0.012365948434477997
183,0.4554791864964178,0.4593367613756789,0.4351392388917152,5771.392421090825,1.412000793307666,4857.464608134301,5774.599893813096,0.1588223084791404,very_large,-0.02419752248396373,0.02419752248396373
186,0.2823963103042346,0.2877164980923886,0.256609155603589,24709.387071847832,3.097067665861002,20525.21313347365,24752.60673727804,0.1707857943477858,very_large,-0.031107342488799594,0.031107342488799594
187,0.2783266030597711,0.2807584715815543,0.2705962046167667,5409.996996665578,2.089223654077279,4064.885238120356,5393.628999218954,0.2463543119652856,very_large,-0.010162266964787614,0.010162266964787614
190,-0.0869419963060887,-0.088560215897812,-0.0811005584032981,8385.283357345412,2.314156892410579,6593.729954445354,8428.262658245632,0.2176643963516605,very_large,0.007459657494513897,0.007459657494513897
192,0.3187140095211387,0.3253633238543536,0.3026877199525237,7753.289031854369,3.009885904049358,5493.623296719939,7786.690794556355,0.2944854956150936,very_large,-0.022675603901829933,0.022675603901829933
193,0.2907821412039759,0.2912841804417703,0.2885677700337984,8656.016649169753,1.998789944023475,7076.322604230511,8679.73105376958,0.1847301995426128,very_large,-0.002716410407971881,0.002716410407971881
196,0.226104366486134,0.2264088643402541,0.224748931751575,7752.030206161399,1.902277856125351,6352.292158687744,7789.082088564895,0.184462034619778,very_large,-0.0016599325886790806,0.0016599325886790806
3,0.2304181341774058,0.235281038008997,0.2112116847399427,3877.0016896971656,1.484243416817939,3070.8957279618885,3854.159220621359,0.2032255150406564,large,-0.024069353269054294,0.024069353269054294
4,0.3081341572795036,0.3057957366719425,0.3146752475180831,1712.713074762874,1.307842715339927,1259.577805303806,1710.3266135640022,0.2635454565727182,large,0.008879510846140637,0.008879510846140637
11,-0.0106168672889401,-0.0093326406697374,-0.0130553390720276,2343.937478835865,1.939749365926362,1530.239046096244,2334.060558580079,0.3443875993401123,large,-0.0037226984022901994,0.0037226984022901994
13,0.1294852164180387,0.128956273201023,0.1309216302740273,1802.8111997784151,1.262942589899758,1357.78459892803,1803.588165538414,0.2471759213818644,large,0.0019653570730043257,0.0019653570730043257
16,0.4121767656362804,0.4135289861964515,0.4099474312168751,2524.8782023173603,2.236520166331316,1582.327102035542,2535.379491578188,0.3759012773860545,large,-0.0035815549795764068,0.0035815549795764068
17,0.1300489165434094,0.1299283385444402,0.1303554622563416,1803.5180874222951,1.359887222582406,1343.1065581826492,1827.152043241962,0.26491801098307,large,0.0004271237119014004,0.0004271237119014004
26,0.484785782970062,0.486786470104176,0.4774300177659333,3423.686050535273,1.474588705245272,2685.1452220642227,3414.7584448612515,0.213664666060054,large,-0.009356452338242671,0.009356452338242671
27,0.4584700349601102,0.4571071022182308,0.4619800577201997,1622.992634312482,1.331245349913994,1180.5711475252756,1626.1631558394845,0.2740143304281039,large,0.0048729555019688675,0.0048729555019688675
40,0.3926725206805056,0.3939018255711383,0.3900114633812483,3153.9422872063724,2.045098721531564,2163.4049873323133,3152.175344456529,0.3136787294726749,large,-0.003890362189889973,0.003890362189889973
41,0.4457053869447407,0.4466866583005741,0.4428131755342711,1981.8323536808116,1.352889410354681,1498.7305394902005,2007.2820665308625,0.2533532957426254,large,-0.0038734827663030047,0.0038734827663030047
60,0.4228920783332213,0.4206694504035682,0.4264422633752852,901.7691059469084,1.41226535393626,565.020961082474,913.3511122146108,0.3813759533149716,medium,0.005772812971717001,0.005772812971717001
69,0.4963212814836683,0.4986901357425917,0.4929747830196651,1171.1438660454887,1.715803279268942,684.2911535277132,1170.7552819309517,0.4155130759699864,medium,-0.005715352722926614,0.005715352722926614
71,0.4065202898040241,0.4075056060191688,0.4058042933543522,360.3214931191984,1.425304965688485,154.07194068289263,369.680802120384,0.5832298031188534,medium,-0.001701312664816601,0.001701312664816601
74,0.2072140075096862,0.1996207017592101,0.2126504987376542,360.3595536960404,1.398771161964431,149.89987777429477,356.0810571546739,0.5790287779639411,medium,0.013029796978444114,0.013029796978444114
76,0.2901754486088705,0.2887794105831636,0.2918465394220311,360.6394512216752,1.129602239450795,192.2160997702007,356.2900700373044,0.4605067164794257,medium,0.0030671288388675055,0.0030671288388675055
81,0.50181374857191,0.5037460055971827,0.4974117010012122,1171.662862639696,1.26783071208011,812.3544581669441,1171.059238575448,0.3063079719561031,medium,-0.0063343045959705635,0.0063343045959705635
85,0.1726513381590956,0.1727317736179345,0.1725330659174249,360.2861230580785,1.129630193055146,192.0592972270864,356.0823647443561,0.4606323810364143,medium,-0.0001987077005095872,0.0001987077005095872
90,0.4294423059797947,0.4318807958333591,0.4256100404647089,540.7153663405829,1.142122794627216,325.2891421136947,534.2591847948019,0.3911398224466058,medium,-0.006270755368650183,0.006270755368650183
97,0.4144076885268239,0.4145412068007346,0.4143505538985084,360.5288562398051,1.425207465265002,147.24603757725347,360.6557696937381,0.5917269320208243,medium,-0.00019065290222619602,0.00019065290222619602
106,-0.0029408493796037,-0.0027920586838484,-0.0030363852710214,270.2583185038952,1.304379584757352,104.39087642838678,267.0490272464564,0.6090947137880953,small,-0.00024432658717300033,0.00024432658717300033
107,0.4554898311262545,0.4549768280099939,0.4558196188438507,270.38845617134007,1.304362708320109,104.49643388379086,267.17529256298576,0.6088843662100374,small,0.0008427908338567991,0.0008427908338567991
111,0.4217194619150501,0.4218114614486694,0.4216927069486404,90.16005905161362,1.129601374195772,19.561075385672225,89.0944650475757,0.7804456721837123,small,-0.00011875450002896137,0.00011875450002896137
116,0.414490516460131,0.4144074157785974,0.4145292525891192,180.2594789913323,1.179477923658389,63.67115974684639,178.11617457431913,0.6425301638157542,small,0.00012183681052180262,0.00012183681052180262
117,0.3093189136512685,0.3054588014465511,0.3118562236297548,270.2013392697844,1.304386889019944,104.3791407128918,267.0097408390607,0.6090811504296167,small,0.006397422183203716,0.006397422183203716
130,0.3812746405601501,0.3766769766807556,0.3825882588114057,90.16315402247432,1.12960149083532,19.559477623164188,89.08689924696915,0.7804449611727885,small,0.005911282130650064,0.005911282130650064
132,0.4223770930361842,0.4191779527035388,0.4242057437482088,180.26840601131184,1.179487220284028,63.69049608333633,178.15380534907024,0.64249713353839,small,0.005027791044669994,0.005027791044669994
142,0.4190141142828191,0.41902423898379,0.4190061144708168,180.26747521693807,1.216786213601916,60.9912957082289,182.60450896865777,0.6659923894940762,small,-1.812451297317219e-05,1.812451297317219e-05
152,0.3591802561228554,0.3587884273985148,0.3613392653130089,14153.08762675086,2.09449295352863,11986.046583203835,14185.054676897538,0.1550228845628006,very_large,0.0025508379144941196,0.0025508379144941196
161,0.4291945953583148,0.4290592745315018,0.4300459064658865,8018.429209611823,1.499554860995523,6880.639772865821,8026.901803528676,0.1428025480714054,very_large,0.0009866319343846963,0.0009866319343846963
171,0.2026491274797272,0.1880198052982828,0.273926968989182,14787.601755792732,2.3815902556216,12318.115730002664,14855.895002965672,0.1708264141915645,very_large,0.08590716369089921,0.08590716369089921
179,0.5517451638447828,0.5551448134006179,0.5396232118190596,6035.639517376387,1.978386409323982,4703.743070301626,6026.266226036177,0.2194597958551277,very_large,-0.015521601581558353,0.015521601581558353
181,0.0130757142246589,0.007688974409417,0.0496323237090867,35787.68508368015,2.758883570432524,31261.79682793928,35883.88395394792,0.1288067682957748,very_large,0.0419433492996697,0.0419433492996697
189,-0.1007126401488585,-0.1015763339397008,-0.0962325420263446,12624.706816627771,2.109173371814367,10584.793490725866,12636.778834184785,0.1623819938913485,very_large,0.005343791913356197,0.005343791913356197
191,0.1311246656797365,0.1232354657901534,0.1860526660181809,6575.379766285167,1.196137668863562,5783.494706857951,6617.740749611958,0.1260620617093415,very_large,0.0628172002280275,0.0628172002280275
