system:index,clear_pct,clear_pixel_count,date,doy,month,ndvi_mean,ndvi_median,scene_cloud_pct,spacecraft,total_cropland_pixel_count,year,.geo
1_1_20220605T042711_20220605T043826_T46RCN,0.0,0.0,2022-06-05,156,6,,,96.697903,Sentinel-2A,102854,2022,"{""type"":""MultiPoint"",""coordinates"":[]}"
1_1_20220610T042709_20220610T043813_T46RCN,0.0,0.0,2022-06-10,161,6,,,99.966294,Sentinel-2B,102854,2022,"{""type"":""MultiPoint"",""coordinates"":[]}"
1_1_20220615T042711_20220615T043829_T46RCN,0.0,0.0,2022-06-15,166,6,,,100.0,Sentinel-2A,102854,2022,"{""type"":""MultiPoint"",""coordinates"":[]}"
1_1_20220620T042709_20220620T043815_T46RCN,0.0,0.0,2022-06-20,171,6,,,98.649281,Sentinel-2B,102854,2022,"{""type"":""MultiPoint"",""coordinates"":[]}"
1_1_20220625T042721_20220625T043831_T46RCN,0.0,0.0,2022-06-25,176,6,,,91.164434,Sentinel-2A,102854,2022,"{""type"":""MultiPoint"",""coordinates"":[]}"
1_1_20220630T042709_20220630T043341_T46RCN,0.0,0.0,2022-06-30,181,6,,,99.999988,Sentinel-2B,102854,2022,"{""type"":""MultiPoint"",""coordinates"":[]}"
1_1_20220705T042721_20220705T043814_T46RCN,85.2492606119392,87682.27450980394,2022-07-05,186,7,-0.030819102917901218,-0.042957072913891135,81.037593,Sentinel-2A,102854,2022,"{""type"":""MultiPoint"",""coordinates"":[]}"
1_1_20220710T042709_20220710T043815_T46RCN,81.44750392427571,83772.01568627454,2022-07-10,191,7,-0.01961025205596676,0.019688059487816125,44.629207,Sentinel-2B,102854,2022,"{""type"":""MultiPoint"",""coordinates"":[]}"
1_1_20220715T042721_20220715T043157_T46RCN,83.16677704585642,85540.35686274516,2022-07-15,196,7,0.12603480997066266,0.12890644523819672,31.133172,Sentinel-2A,102854,2022,"{""type"":""MultiPoint"",""coordinates"":[]}"
1_1_20220720T042709_20220720T043815_T46RCN,0.0,0.0,2022-07-20,201,7,,,95.30859,Sentinel-2B,102854,2022,"{""type"":""MultiPoint"",""coordinates"":[]}"
1_1_20220725T042711_20220725T043814_T46RCN,0.0,0.0,2022-07-25,206,7,,,99.999857,Sentinel-2A,102854,2022,"{""type"":""MultiPoint"",""coordinates"":[]}"
1_1_20220730T042709_20220730T043815_T46RCN,0.0,0.0,2022-07-30,211,7,,,99.997032,Sentinel-2B,102854,2022,"{""type"":""MultiPoint"",""coordinates"":[]}"
1_1_20220804T042711_20220804T043814_T46RCN,0.0,0.0,2022-08-04,216,8,,,99.413741,Sentinel-2A,102854,2022,"{""type"":""MultiPoint"",""coordinates"":[]}"
1_1_20220809T042709_20220809T043814_T46RCN,0.0,0.0,2022-08-09,221,8,,,93.837672,Sentinel-2B,102854,2022,"{""type"":""MultiPoint"",""coordinates"":[]}"
1_1_20220814T042721_20220814T043755_T46RCN,96.40617940450146,99157.61176470593,2022-08-14,226,8,0.28314159222145086,0.2538586825888227,58.745968,Sentinel-2A,102854,2022,"{""type"":""MultiPoint"",""coordinates"":[]}"
1_1_20220819T042709_20220819T043812_T46RCN,18.255482643015394,18776.494117647053,2022-08-19,231,8,0.3783537920450531,0.37888004008872544,35.194173,Sentinel-2B,102854,2022,"{""type"":""MultiPoint"",""coordinates"":[]}"
1_1_20220824T042721_20220824T043813_T46RCN,62.371612226277776,64151.69803921574,2022-08-24,236,8,0.31803086512556256,0.31637075412952936,64.922297,Sentinel-2A,102854,2022,"{""type"":""MultiPoint"",""coordinates"":[]}"
1_1_20220829T042709_20220829T043815_T46RCN,0.0,0.0,2022-08-29,241,8,,,75.300258,Sentinel-2B,102854,2022,"{""type"":""MultiPoint"",""coordinates"":[]}"
1_1_20220903T042721_20220903T043813_T46RCN,0.0,0.0,2022-09-03,246,9,,,98.784488,Sentinel-2A,102854,2022,"{""type"":""MultiPoint"",""coordinates"":[]}"
1_1_20220908T042709_20220908T043812_T46RCN,90.62262251041552,93208.99215686279,2022-09-08,251,9,0.4416990652494788,0.480507290868626,11.275458,Sentinel-2B,102854,2022,"{""type"":""MultiPoint"",""coordinates"":[]}"
1_1_20220913T042711_20220913T043811_T46RCN,0.0,0.0,2022-09-13,256,9,,,99.927247,Sentinel-2A,102854,2022,"{""type"":""MultiPoint"",""coordinates"":[]}"
1_1_20220918T042709_20220918T043722_T46RCN,32.426382418329894,33351.83137254903,2022-09-18,261,9,0.52855123231151,0.5977022504507321,75.632662,Sentinel-2B,102854,2022,"{""type"":""MultiPoint"",""coordinates"":[]}"
1_1_20220923T042711_20220923T044006_T46RCN,0.0,0.0,2022-09-23,266,9,,,99.526519,Sentinel-2A,102854,2022,"{""type"":""MultiPoint"",""coordinates"":[]}"
1_1_20220928T042709_20220928T043810_T46RCN,29.433207626877923,30273.231372549017,2022-09-28,271,9,0.7237414096145679,0.7774843933507131,33.004087,Sentinel-2B,102854,2022,"{""type"":""MultiPoint"",""coordinates"":[]}"
1_1_20221003T042711_20221003T043818_T46RCN,0.0,0.0,2022-10-03,276,10,,,79.649663,Sentinel-2A,102854,2022,"{""type"":""MultiPoint"",""coordinates"":[]}"
1_1_20221008T042659_20221008T043924_T46RCN,72.54348730372429,74613.87843137258,2022-10-08,281,10,0.7218236083393363,0.7852253822813084,42.553458,Sentinel-2B,102854,2022,"{""type"":""MultiPoint"",""coordinates"":[]}"
1_1_20221013T042731_20221013T044013_T46RCN,16.78754617720073,17266.662745098038,2022-10-13,286,10,0.700876902886415,0.7697012873346187,63.855356,Sentinel-2A,102854,2022,"{""type"":""MultiPoint"",""coordinates"":[]}"
1_1_20221018T042759_20221018T044124_T46RCN,99.99670578169632,102850.61176470594,2022-10-18,291,10,0.7786749725585201,0.8633303541904839,7.036027,Sentinel-2B,102854,2022,"{""type"":""MultiPoint"",""coordinates"":[]}"
1_1_20221023T042831_20221023T043211_T46RCN,0.0,0.0,2022-10-23,296,10,,,99.959683,Sentinel-2A,102854,2022,"{""type"":""MultiPoint"",""coordinates"":[]}"
1_1_20221028T042859_20221028T043319_T46RCN,99.99670578169632,102850.61176470594,2022-10-28,301,10,0.753496399220224,0.8165116588771287,0.587085,Sentinel-2B,102854,2022,"{""type"":""MultiPoint"",""coordinates"":[]}"
1_1_20221102T042931_20221102T042933_T46RCN,3.5168716211862474,3617.2431372549026,2022-11-02,306,11,0.5208831556536938,0.5449234786557634,28.21568,Sentinel-2A,102854,2022,"{""type"":""MultiPoint"",""coordinates"":[]}"
1_1_20221107T042959_20221107T043512_T46RCN,99.99670578169632,102850.61176470594,2022-11-07,311,11,0.6936741656985048,0.7539039393538772,4.018174,Sentinel-2B,102854,2022,"{""type"":""MultiPoint"",""coordinates"":[]}"
1_1_20221112T043031_20221112T043557_T46RCN,99.99670578169632,102850.61176470594,2022-11-12,316,11,0.6506439171152696,0.699244078835693,0.384635,Sentinel-2A,102854,2022,"{""type"":""MultiPoint"",""coordinates"":[]}"
1_1_20221117T043049_20221117T043417_T46RCN,99.99670578169632,102850.61176470594,2022-11-17,321,11,0.6331358147255364,0.6835851162149721,1.008537,Sentinel-2B,102854,2022,"{""type"":""MultiPoint"",""coordinates"":[]}"
1_1_20221122T043111_20221122T043720_T46RCN,99.92712304553537,102779.04313725495,2022-11-22,326,11,0.5413307310715951,0.5664194440549795,0.048072,Sentinel-2A,102854,2022,"{""type"":""MultiPoint"",""coordinates"":[]}"
1_1_20221127T043119_20221127T043759_T46RCN,99.99670578169632,102850.61176470593,2022-11-27,331,11,0.5183687872324106,0.5350594463241297,0.025742,Sentinel-2B,102854,2022,"{""type"":""MultiPoint"",""coordinates"":[]}"
1_1_20221202T043141_20221202T043827_T46RCN,55.58591904687287,57172.34117647062,2022-12-02,336,12,0.406069443568278,0.4004081961514231,3.562925,Sentinel-2A,102854,2022,"{""type"":""MultiPoint"",""coordinates"":[]}"
1_1_20221207T043149_20221207T043858_T46RCN,99.99670578169632,102850.61176470594,2022-12-07,341,12,0.4007101423468406,0.3788591444345394,0.031078,Sentinel-2B,102854,2022,"{""type"":""MultiPoint"",""coordinates"":[]}"
1_1_20221212T043151_20221212T043902_T46RCN,99.99670578169632,102850.61176470594,2022-12-12,346,12,0.346993603850442,0.324229489049163,1.551382,Sentinel-2A,102854,2022,"{""type"":""MultiPoint"",""coordinates"":[]}"
1_1_20221217T043209_20221217T043931_T46RCN,99.99670578169632,102850.61176470594,2022-12-17,351,12,0.3323315774276766,0.3007662309920534,4.103025,Sentinel-2B,102854,2022,"{""type"":""MultiPoint"",""coordinates"":[]}"
1_1_20221222T043211_20221222T043927_T46RCN,99.99670578169632,102850.61176470594,2022-12-22,356,12,0.32917166745667437,0.2928904758484916,1.732841,Sentinel-2A,102854,2022,"{""type"":""MultiPoint"",""coordinates"":[]}"
1_1_20221227T043209_20221227T043933_T46RCN,0.0,0.0,2022-12-27,361,12,,,78.208351,Sentinel-2B,102854,2022,"{""type"":""MultiPoint"",""coordinates"":[]}"
1_2_20230605T042709_20230605T043753_T46RCN,97.28315064528938,100059.61176470594,2023-06-05,156,6,0.4482806140022328,0.44926554593742024,11.513731,Sentinel-2B,102854,2023,"{""type"":""MultiPoint"",""coordinates"":[]}"
1_2_20230610T042711_20230610T043546_T46RCN,22.95059396967413,23605.60392156863,2023-06-10,161,6,0.476148244421462,0.48056967969543124,55.036086,Sentinel-2A,102854,2023,"{""type"":""MultiPoint"",""coordinates"":[]}"
1_2_20230615T042709_20230615T043829_T46RCN,0.0,0.0,2023-06-15,166,6,,,99.998868,Sentinel-2B,102854,2023,"{""type"":""MultiPoint"",""coordinates"":[]}"
1_2_20230620T042711_20230620T043825_T46RCN,0.0,0.0,2023-06-20,171,6,,,99.779189,Sentinel-2A,102854,2023,"{""type"":""MultiPoint"",""coordinates"":[]}"
1_2_20230625T042709_20230625T043753_T46RCN,2.297274987541831,2362.8392156862747,2023-06-25,176,6,0.127948503250471,0.12681486995323055,61.761254,Sentinel-2B,102854,2023,"{""type"":""MultiPoint"",""coordinates"":[]}"
1_2_20230630T042711_20230630T043018_T46RCN,0.0,0.0,2023-06-30,181,6,,,99.988484,Sentinel-2A,102854,2023,"{""type"":""MultiPoint"",""coordinates"":[]}"
1_2_20230705T042709_20230705T043754_T46RCN,0.0,0.0,2023-07-05,186,7,,,94.620258,Sentinel-2B,102854,2023,"{""type"":""MultiPoint"",""coordinates"":[]}"
1_2_20230710T042711_20230710T043754_T46RCN,0.0,0.0,2023-07-10,191,7,,,99.805421,Sentinel-2A,102854,2023,"{""type"":""MultiPoint"",""coordinates"":[]}"
1_2_20230715T042709_20230715T043753_T46RCN,4.372933726351877,4497.737254901959,2023-07-15,196,7,0.39182855542059436,0.41005463789169094,82.847488,Sentinel-2B,102854,2023,"{""type"":""MultiPoint"",""coordinates"":[]}"
1_2_20230720T042711_20230720T043452_T46RCN,0.0,0.0,2023-07-20,201,7,,,86.711091,Sentinel-2A,102854,2023,"{""type"":""MultiPoint"",""coordinates"":[]}"
1_2_20230725T042709_20230725T043754_T46RCN,0.2722305403776226,280.0,2023-07-25,206,7,0.05651428384378604,0.04752108810553126,59.517336,Sentinel-2B,102854,2023,"{""type"":""MultiPoint"",""coordinates"":[]}"
1_2_20230730T042711_20230730T043736_T46RCN,84.83934776002694,87260.6627450981,2023-07-30,211,7,0.3644355405587822,0.41011493016769357,28.060424,Sentinel-2A,102854,2023,"{""type"":""MultiPoint"",""coordinates"":[]}"
1_2_20230804T042709_20230804T043905_T46RCN,0.0,0.0,2023-08-04,216,8,,,99.951637,Sentinel-2B,102854,2023,"{""type"":""MultiPoint"",""coordinates"":[]}"
1_2_20230809T042711_20230809T043344_T46RCN,0.0,0.0,2023-08-09,221,8,,,93.157935,Sentinel-2A,102854,2023,"{""type"":""MultiPoint"",""coordinates"":[]}"
1_2_20230814T042709_20230814T043910_T46RCN,0.0,0.0,2023-08-14,226,8,,,96.452272,Sentinel-2B,102854,2023,"{""type"":""MultiPoint"",""coordinates"":[]}"
1_2_20230819T042711_20230819T043002_T46RCN,0.0,0.0,2023-08-19,231,8,,,77.950579,Sentinel-2A,102854,2023,"{""type"":""MultiPoint"",""coordinates"":[]}"
1_2_20230824T042709_20230824T044010_T46RCN,0.0,0.0,2023-08-24,236,8,,,100.0,Sentinel-2B,102854,2023,"{""type"":""MultiPoint"",""coordinates"":[]}"
1_2_20230829T042711_20230829T042954_T46RCN,0.9959825025154637,1024.407843137255,2023-08-29,241,8,0.38649924515292394,0.42838697410902377,41.020507,Sentinel-2A,102854,2023,"{""type"":""MultiPoint"",""coordinates"":[]}"
1_2_20230903T042709_20230903T043912_T46RCN,93.86337839625716,96542.23921568634,2023-09-03,246,9,0.3976772733608554,0.42574843805261964,10.699493,Sentinel-2B,102854,2023,"{""type"":""MultiPoint"",""coordinates"":[]}"
1_2_20230908T042711_20230908T043403_T46RCN,0.0,0.0,2023-09-08,251,9,,,99.838042,Sentinel-2A,102854,2023,"{""type"":""MultiPoint"",""coordinates"":[]}"
1_2_20230913T042709_20230913T043915_T46RCN,0.0,0.0,2023-09-13,256,9,,,99.868256,Sentinel-2B,102854,2023,"{""type"":""MultiPoint"",""coordinates"":[]}"
1_2_20230918T042711_20230918T042959_T46RCN,0.1526283019867873,156.9843137254902,2023-09-18,261,9,0.5656814574561003,0.5659663888559098,79.807168,Sentinel-2A,102854,2023,"{""type"":""MultiPoint"",""coordinates"":[]}"
1_2_20230923T042709_20230923T043752_T46RCN,12.410246849045878,12764.435294117648,2023-09-23,266,9,0.6612899656599699,0.7065349931448097,60.872334,Sentinel-2B,102854,2023,"{""type"":""MultiPoint"",""coordinates"":[]}"
1_2_20230928T042711_20230928T044001_T46RCN,99.2073172824072,102038.6941176471,2023-09-28,271,9,0.7100805505924193,0.7774272241719026,14.162575,Sentinel-2A,102854,2023,"{""type"":""MultiPoint"",""coordinates"":[]}"
1_2_20231003T042709_20231003T043803_T46RCN,8.985990802878018,9242.450980392156,2023-10-03,276,10,0.6626998514856921,0.6758293842427779,78.653502,Sentinel-2B,102854,2023,"{""type"":""MultiPoint"",""coordinates"":[]}"
1_2_20231008T042701_20231008T044107_T46RCN,0.0,0.0,2023-10-08,281,10,,,75.528914,Sentinel-2A,102854,2023,"{""type"":""MultiPoint"",""coordinates"":[]}"
1_2_20231013T042729_20231013T044000_T46RCN,0.17500534738561457,180.0,2023-10-13,286,10,0.6583186497291091,0.6757893513489934,21.698515,Sentinel-2B,102854,2023,"{""type"":""MultiPoint"",""coordinates"":[]}"
1_2_20231018T042801_20231018T043303_T46RCN,99.99670578169632,102850.61176470594,2023-10-18,291,10,0.7130979840919599,0.769593783884434,6.982757,Sentinel-2A,102854,2023,"{""type"":""MultiPoint"",""coordinates"":[]}"
1_2_20231023T042829_20231023T043159_T46RCN,70.75622898934986,72775.61176470591,2023-10-23,296,10,0.6511770008031608,0.6894423468824961,83.467466,Sentinel-2B,102854,2023,"{""type"":""MultiPoint"",""coordinates"":[]}"
1_2_20231028T042901_20231028T043908_T46RCN,91.88049918083014,94502.76862745103,2023-10-28,301,10,0.7145316273399518,0.7695774194954765,9.862373,Sentinel-2A,102854,2023,"{""type"":""MultiPoint"",""coordinates"":[]}"
1_2_20231102T042929_20231102T043936_T46RCN,99.99670578169632,102850.61176470594,2023-11-02,306,11,0.6981971327076919,0.7617803842769991,0.675821,Sentinel-2B,102854,2023,"{""type"":""MultiPoint"",""coordinates"":[]}"
1_2_20231112T043019_20231112T043543_T46RCN,99.99670578169632,102850.61176470594,2023-11-12,316,11,0.6082718753019645,0.652344782586407,0.098719,Sentinel-2B,102854,2023,"{""type"":""MultiPoint"",""coordinates"":[]}"
1_2_20231117T043041_20231117T043619_T46RCN,0.0,0.0,2023-11-17,321,11,,,100.0,Sentinel-2A,102854,2023,"{""type"":""MultiPoint"",""coordinates"":[]}"
1_2_20231122T043059_20231122T043705_T46RCN,39.618309143324055,40749.01568627452,2023-11-22,326,11,0.5120464621369933,0.5273719181085499,37.601003,Sentinel-2B,102854,2023,"{""type"":""MultiPoint"",""coordinates"":[]}"
1_2_20231202T043139_20231202T043817_T46RCN,85.67069560240925,88115.73725490201,2023-12-02,336,12,0.4201925548135202,0.41017269432430753,36.938107,Sentinel-2B,102854,2023,"{""type"":""MultiPoint"",""coordinates"":[]}"
1_2_20231207T043151_20231207T043145_T46RCN,0.0,0.0,2023-12-07,341,12,,,99.943918,Sentinel-2A,102854,2023,"{""type"":""MultiPoint"",""coordinates"":[]}"
1_2_20231212T043149_20231212T043822_T46RCN,0.007778015439360646,8.0,2023-12-12,346,12,0.17543818497539737,0.17672145065639414,57.087296,Sentinel-2B,102854,2023,"{""type"":""MultiPoint"",""coordinates"":[]}"
1_2_20231217T043151_20231217T043740_T46RCN,99.99670578169632,102850.61176470594,2023-12-17,351,12,0.3866606198971505,0.3397955367876022,0.007774,Sentinel-2A,102854,2023,"{""type"":""MultiPoint"",""coordinates"":[]}"
1_2_20231222T043209_20231222T043840_T46RCN,99.99670578169632,102850.61176470593,2023-12-22,356,12,0.3563858645491905,0.3163424216943397,18.647692,Sentinel-2B,102854,2023,"{""type"":""MultiPoint"",""coordinates"":[]}"
1_2_20231227T043211_20231227T043752_T46RCN,99.99670578169632,102850.61176470594,2023-12-27,361,12,0.3623431676208983,0.32413977022294205,4.328483,Sentinel-2A,102854,2023,"{""type"":""MultiPoint"",""coordinates"":[]}"
2_20240604T042711_20240604T043438_T46RCN,0.0,0.0,2024-06-04,156,6,,,98.695344,Sentinel-2A,102854,2024,"{""type"":""MultiPoint"",""coordinates"":[]}"
2_20240609T042709_20240609T043954_T46RCN,0.0,0.0,2024-06-09,161,6,,,99.999917,Sentinel-2B,102854,2024,"{""type"":""MultiPoint"",""coordinates"":[]}"
2_20240614T042711_20240614T043900_T46RCN,0.0,0.0,2024-06-14,166,6,,,99.997306,Sentinel-2A,102854,2024,"{""type"":""MultiPoint"",""coordinates"":[]}"
2_20240619T042709_20240619T043953_T46RCN,0.0,0.0,2024-06-19,171,6,,,100.0,Sentinel-2B,102854,2024,"{""type"":""MultiPoint"",""coordinates"":[]}"
2_20240624T042711_20240624T043923_T46RCN,0.0,0.0,2024-06-24,176,6,,,99.424756,Sentinel-2A,102854,2024,"{""type"":""MultiPoint"",""coordinates"":[]}"
2_20240629T042709_20240629T043951_T46RCN,0.0,0.0,2024-06-29,181,6,,,99.220169,Sentinel-2B,102854,2024,"{""type"":""MultiPoint"",""coordinates"":[]}"
2_20240704T042711_20240704T044045_T46RCN,0.0,0.0,2024-07-04,186,7,,,97.586805,Sentinel-2A,102854,2024,"{""type"":""MultiPoint"",""coordinates"":[]}"
2_20240709T042709_20240709T043953_T46RCN,0.0,0.0,2024-07-09,191,7,,,91.000217,Sentinel-2B,102854,2024,"{""type"":""MultiPoint"",""coordinates"":[]}"
2_20240714T042711_20240714T043045_T46RCN,0.0,0.0,2024-07-14,196,7,,,94.453633,Sentinel-2A,102854,2024,"{""type"":""MultiPoint"",""coordinates"":[]}"
2_20240719T042709_20240719T043643_T46RCN,0.0,0.0,2024-07-19,201,7,,,93.493956,Sentinel-2B,102854,2024,"{""type"":""MultiPoint"",""coordinates"":[]}"
2_20240724T042711_20240724T043259_T46RCN,0.8574690108995161,881.9411764705883,2024-07-24,206,7,0.2486689438506378,0.23051605221280308,80.72561,Sentinel-2A,102854,2024,"{""type"":""MultiPoint"",""coordinates"":[]}"
2_20240729T042709_20240729T043750_T46RCN,0.0,0.0,2024-07-29,211,7,,,99.993038,Sentinel-2B,102854,2024,"{""type"":""MultiPoint"",""coordinates"":[]}"
2_20240803T042711_20240803T043429_T46RCN,0.0,0.0,2024-08-03,216,8,,,99.952888,Sentinel-2A,102854,2024,"{""type"":""MultiPoint"",""coordinates"":[]}"
2_20240808T042709_20240808T044110_T46RCN,0.0,0.0,2024-08-08,221,8,,,99.730372,Sentinel-2B,102854,2024,"{""type"":""MultiPoint"",""coordinates"":[]}"
2_20240813T042701_20240813T043352_T46RCN,0.0,0.0,2024-08-13,226,8,,,97.987562,Sentinel-2A,102854,2024,"{""type"":""MultiPoint"",""coordinates"":[]}"
2_20240818T042709_20240818T044116_T46RCN,0.0,0.0,2024-08-18,231,8,,,98.768353,Sentinel-2B,102854,2024,"{""type"":""MultiPoint"",""coordinates"":[]}"
2_20240823T042701_20240823T043652_T46RCN,0.22556244774145878,232.0,2024-08-23,236,8,0.044907371357084225,0.04922531855975525,97.26029,Sentinel-2A,102854,2024,"{""type"":""MultiPoint"",""coordinates"":[]}"
2_20240828T042709_20240828T044108_T46RCN,0.0,0.0,2024-08-28,241,8,,,87.793034,Sentinel-2B,102854,2024,"{""type"":""MultiPoint"",""coordinates"":[]}"
2_20240902T042701_20240902T043252_T46RCN,59.663261497260365,61366.05098039218,2024-09-02,246,9,0.4577360637679564,0.5117459780612753,40.95594,Sentinel-2A,102854,2024,"{""type"":""MultiPoint"",""coordinates"":[]}"
2_20240907T042709_20240907T043154_T46RCN,96.64205153545275,99400.21568627456,2024-09-07,251,9,0.4421989053835294,0.47266621124842256,40.925449,Sentinel-2B,102854,2024,"{""type"":""MultiPoint"",""coordinates"":[]}"
2_20240912T042701_20240912T043601_T46RCN,99.99670578169632,102850.61176470594,2024-09-12,256,9,0.5646740146259506,0.6210948358198666,28.665519,Sentinel-2A,102854,2024,"{""type"":""MultiPoint"",""coordinates"":[]}"
2_20240917T042659_20240917T043326_T46RCN,63.29154556411014,65097.886274509845,2024-09-17,261,9,0.6264963988075924,0.691465106542317,26.990497,Sentinel-2B,102854,2024,"{""type"":""MultiPoint"",""coordinates"":[]}"
2_20240922T042701_20240922T043815_T46RCN,0.057652633067927624,59.29803921568627,2024-09-22,266,9,0.6050839038264589,0.641632170313424,72.129911,Sentinel-2A,102854,2024,"{""type"":""MultiPoint"",""coordinates"":[]}"
2_20240927T042659_20240927T043748_T46RCN,22.96693542760212,23622.411764705885,2024-09-27,271,9,0.7127169148976024,0.7773315201136083,74.297923,Sentinel-2B,102854,2024,"{""type"":""MultiPoint"",""coordinates"":[]}"
2_20241002T042701_20241002T043522_T46RCN,73.09121972626727,75177.24313725493,2024-10-02,276,10,0.6910846580961854,0.7774051740543587,56.248188,Sentinel-2A,102854,2024,"{""type"":""MultiPoint"",""coordinates"":[]}"
2_20241007T042659_20241007T043950_T46RCN,0.0,0.0,2024-10-07,281,10,,,62.421399,Sentinel-2B,102854,2024,"{""type"":""MultiPoint"",""coordinates"":[]}"
2_20241012T042721_20241012T043305_T46RCN,0.0,0.0,2024-10-12,286,10,,,63.067806,Sentinel-2A,102854,2024,"{""type"":""MultiPoint"",""coordinates"":[]}"
2_20241017T042709_20241017T044020_T46RCN,0.0,0.0,2024-10-17,291,10,,,36.588252,Sentinel-2B,102854,2024,"{""type"":""MultiPoint"",""coordinates"":[]}"
2_20241022T042831_20241022T043412_T46RCN,99.99670578169632,102850.61176470594,2024-10-22,296,10,0.7814285456048778,0.8398593544512393,0.048026,Sentinel-2A,102854,2024,"{""type"":""MultiPoint"",""coordinates"":[]}"
2_20241027T042809_20241027T043312_T46RCN,0.0,0.0,2024-10-27,301,10,,,53.709286,Sentinel-2B,102854,2024,"{""type"":""MultiPoint"",""coordinates"":[]}"
2_20241101T042931_20241101T043513_T46RCN,0.0,0.0,2024-11-01,306,11,,,22.672084,Sentinel-2A,102854,2024,"{""type"":""MultiPoint"",""coordinates"":[]}"
2_20241106T042859_20241106T043500_T46RCN,0.0,0.0,2024-11-06,311,11,,,99.99249,Sentinel-2B,102854,2024,"{""type"":""MultiPoint"",""coordinates"":[]}"
2_20241111T043021_20241111T043403_T46RCN,99.99670578169632,102850.61176470594,2024-11-11,316,11,0.6850995291650632,0.7383744023694223,0.494112,Sentinel-2A,102854,2024,"{""type"":""MultiPoint"",""coordinates"":[]}"
2_20241116T042949_20241116T043438_T46RCN,99.99670578169632,102850.61176470593,2024-11-16,321,11,0.616511690888366,0.6601716970835106,3.152574,Sentinel-2B,102854,2024,"{""type"":""MultiPoint"",""coordinates"":[]}"
2_20241121T043101_20241121T043650_T46RCN,64.1786091612059,66010.26666666672,2024-11-21,326,11,0.4909077281365714,0.5195930954754142,10.308117,Sentinel-2A,102854,2024,"{""type"":""MultiPoint"",""coordinates"":[]}"
2_20241126T043029_20241126T043558_T46RCN,90.30955357622862,92886.98823529418,2024-11-26,331,11,0.4896218556934226,0.5038834598782965,9.848345,Sentinel-2B,102854,2024,"{""type"":""MultiPoint"",""coordinates"":[]}"
2_20241201T043141_20241201T043651_T46RCN,99.99670578169632,102850.61176470594,2024-12-01,336,12,0.41530530531057275,0.4102355015908397,1.794895,Sentinel-2A,102854,2024,"{""type"":""MultiPoint"",""coordinates"":[]}"
2_20241206T043059_20241206T043430_T46RCN,0.0,0.0,2024-12-06,341,12,,,11.354352,Sentinel-2B,102854,2024,"{""type"":""MultiPoint"",""coordinates"":[]}"
2_20241211T043201_20241211T043156_T46RCN,72.90365135884602,74984.32156862749,2024-12-11,346,12,0.305666022472103,0.2870723259766397,18.974251,Sentinel-2A,102854,2024,"{""type"":""MultiPoint"",""coordinates"":[]}"
2_20241211T043221_20241211T043614_T46RCN,34.40975729160351,35391.81176470588,2024-12-11,346,12,0.28914998586766705,0.26754707023593,20.975949,Sentinel-2C,102854,2024,"{""type"":""MultiPoint"",""coordinates"":[]}"
2_20241216T043109_20241216T043948_T46RCN,99.99670578169632,102850.61176470594,2024-12-16,351,12,0.3539180613788133,0.30859803381958106,0.491992,Sentinel-2B,102854,2024,"{""type"":""MultiPoint"",""coordinates"":[]}"
2_20241221T043211_20241221T043209_T46RCN,0.0,0.0,2024-12-21,356,12,,,99.262762,Sentinel-2A,102854,2024,"{""type"":""MultiPoint"",""coordinates"":[]}"
2_20241226T043119_20241226T043541_T46RCN,99.99670578169632,102850.61176470594,2024-12-26,361,12,0.3181758054815994,0.2772637031573467,1.76E-4,Sentinel-2B,102854,2024,"{""type"":""MultiPoint"",""coordinates"":[]}"
2_20241231T043201_20241231T043156_T46RCN,82.63709419443592,84995.55686274511,2024-12-31,366,12,0.26697545544377094,0.24410989087279275,36.497137,Sentinel-2A,102854,2024,"{""type"":""MultiPoint"",""coordinates"":[]}"
